"lemon64_name"	"lemon64_id"	"lemon64_slug"	"atari_legend_id"
"10th Frame"	8	"10th-frame"	2910
"1943: The Battle of Midway"	14	"1943-the-battle-of-midway"	152
"1st Division Manager"	16	"1st-division-manager"	1146
"221B Baker Street"	17	"221b-baker-street"	1150
"500cc Grand Prix"	27	"500cc-grand-prix"	1130
"5th Gear"	29	"5th-gear"	1158
"Question of Sport, A"	35	"question-of-sport"	639
"Aaargh!"	37	"aaargh"	587
"Action Fighter"	49	"action-fighter"	279
"Action Service"	52	"action-service"	590
"Addams Family, The"	55	"addams-family"	1173
"Addicta Ball"	57	"addicta-ball"	258
"After Burner"	63	"after-burner"	1188
"After Burner"	64	"after-burner-us-version"	1188
"After the War"	65	"after-the-war"	601
"Airborne Ranger"	74	"airborne-ranger"	604
"Alien Storm"	85	"alien-storm"	615
"Alien Syndrome"	86	"alien-syndrome"	184
"Alien World"	89	"alien-world"	618
"APB: All Points Bulletin"	91	"apb-all-points-bulletin"	535
"Altered Beast"	100	"altered-beast"	364
"Amazing Spider-Man, The"	104	"amazing-spider-man"	580
"Amazon"	106	"amazon-telarium"	3530
"Anders Limpar's Proffs Fotboll"	110	"anders-limpars-proffs-fotboll"	455
"Arcticfox"	139	"arcticfox"	644
"Arkanoid"	145	"arkanoid"	20
"Arkanoid: Revenge of Doh"	146	"arkanoid-revenge-of-doh"	52
"Armageddon Man, The"	147	"armageddon-man"	1230
"Army Moves"	151	"army-moves"	70
"Artura"	157	"artura"	142
"Asterix im Morgenland"	161	"asterix-im-morgenland"	656
"AMC: Astro Marine Corps"	164	"amc-astro-marine-corps"	541
"Atomic Robo-Kid"	169	"atomic-robo-kid"	565
"Atomino"	170	"atomino"	662
"Atomix"	171	"atomix"	440
"Auto Duel"	178	"auto-duel"	1255
"Baal"	187	"baal"	254
"Back to the Future II"	192	"back-to-the-future-2"	473
"Back to the Future III"	193	"back-to-the-future-3"	673
"Bad Cat"	196	"bad-cat"	675
"BadLands"	197	"badlands"	21
"Ball Game, The"	199	"ball-game"	1277
"Ballistix"	203	"ballistix"	680
"Ballyhoo"	206	"ballyhoo"	681
"Bangkok Knights"	212	"bangkok-knights"	682
"Barbarian: The Ultimate Warrior"	213	"barbarian-the-ultimate-warrior"	186
"Barbarian"	214	"barbarian"	686
"Barbarian II: The Dungeon of Drax"	215	"barbarian-2"	687
"Bard's Tale, The: Tales of the Unknown"	217	"bards-tale"	1285
"Simpsons, The: Bart vs. the Space Mutants"	221	"simpsons-bart-vs-the-space-mutants"	2967
"B.A.T."	225	"bat"	3693
"Batman"	227	"batman"	693
"Batman: The Caped Crusader"	228	"batman-the-caped-crusader"	692
"Battle Chess"	229	"battle-chess"	695
"Battle Command"	231	"battle-command"	696
"Battletech: The Crescent Hawk's Inception"	240	"battletech"	352
"Beach Volley"	249	"beach-volley"	704
"Betrayal"	258	"betrayal"	709
"Better Dead Than Alien!"	259	"better-dead-than-alien"	66
"Beverly Hills Cop"	260	"beverly-hills-cop"	711
"Beyond the Ice Palace"	263	"beyond-the-ice-palace"	106
"Big Game Fishing"	267	"big-game-fishing"	715
"Bionic Commando"	275	"bionic-commando"	198
"Black Hornet"	284	"black-hornet"	725
"Black Lamp"	286	"black-lamp"	95
"Black Tiger"	290	"black-tiger"	335
"Blasteroids"	296	"blasteroids"	730
"Blazing Thunder"	298	"blazing-thunder"	731
"Blinky's Scary School"	299	"blinkys-scary-school"	732
"Block Out"	303	"block-out"	443
"Blood Money"	305	"blood-money"	736
"Bloodwych"	306	"bloodwych"	356
"Blue Angel 69"	308	"blue-angel-69"	739
"Blues Brothers, The"	314	"blues-brothers"	2930
"BMX Simulator"	318	"bmx-simulator"	1344
"Stir Crazy featuring Bobo"	323	"stir-crazy"	748
"Börsenfieber"	328	"borsenfieber"	757
"Bomb Fusion"	330	"bomb-fusion"	1353
"Bomb Jack"	331	"bomb-jack"	8
"Bombuzal"	337	"bombuzal"	209
"Bonanza Bros"	338	"bonanza-bros"	753
"Borrowed Time"	347	"borrowed-time"	756
"Boulder Dash Construction Kit"	350	"boulder-dash-construction-kit"	760
"Bubble Bobble"	377	"bubble-bobble"	203
"Bubble Dizzy"	378	"bubble-dizzy"	773
"Bubble Ghost"	379	"bubble-ghost"	343
"Buffalo Bill's Wild West Show"	385	"buffalo-bills-wild-west-show"	345
"Buggy Boy"	388	"buggy-boy"	22
"Bully's Sporting Darts"	392	"bullys-sporting-darts"	6129
"Butcher Hill"	401	"butcher-hill"	784
"Cabal"	404	"cabal"	508
"California Games"	407	"california-games"	790
"Captain Blood"	414	"captain-blood"	1403
"Captain Dynamo"	415	"captain-dynamo"	983
"Captain Fizz Meets the Blaster-Trons"	416	"captain-fizz-meets-the-blaster-trons"	248
"Carrier Command"	422	"carrier-command"	1410
"Arcade Fruit Machine: Cash 'n' Grab"	424	"arcade-fruit-machine"	640
"Castle Master"	425	"castle-master"	337
"Cavemania"	442	"cavemania"	808
"Chambers of Shaolin"	449	"chambers-of-shaolin"	812
"Chamonix Challenge"	450	"chamonix-challenge"	1726
"Championship Wrestling"	457	"championship-wrestling"	818
"Chase HQ"	459	"chase-hq"	1438
"Chase HQ II: Special Criminal Investigation"	460	"chase-hq-2"	1439
"Chip's Challenge"	473	"chips-challenge"	831
"Chubby Gristle"	481	"chubby-gristle"	88
"Chuck Rock"	483	"chuck-rock"	837
"Chuckie Egg"	485	"chuckie-egg"	201
"Chuckie Egg II"	486	"chuckie-egg-2"	275
"Circus Attractions"	489	"circus-attractions"	839
"Circus Games"	492	"circus-games"	840
"CJ in the USA"	497	"cj-in-the-usa"	843
"CJ's Elephant Antics"	498	"cjs-elephant-antics"	844
"Clever & Smart"	502	"clever-and-smart"	1467
"Cloud Kingdoms"	506	"cloud-kingdoms"	525
"Commando"	525	"commando"	857
"Continental Circus"	536	"continental-circus"	862
"Cool Croc Twins"	538	"cool-croc-twins"	863
"Corruption"	540	"corruption"	866
"Cosmic Pirate"	543	"cosmic-pirate"	868
"Count Duckula"	548	"count-duckula"	1505
"Crack Down"	551	"crack-down"	872
"Crazy Cars"	554	"crazy-cars"	877
"Creatures"	560	"creatures"	881
"Crime Time"	566	"crime-time"	4156
"Crimson Crown"	567	"crimson-crown"	886
"Crown"	574	"crown"	888
"Crystal Castles"	577	"crystal-castles"	31
"Curse of the Azure Bonds"	585	"curse-of-the-azure-bonds"	892
"Cutthroats"	591	"cutthroats"	3461
"Cybernoid: The Fighting Machine"	595	"cybernoid"	131
"Cybernoid II: The Revenge"	596	"cybernoid-2"	284
"Dalek Attack"	610	"dalek-attack"	899
"Daley Thompson's Olympic Challenge"	612	"daley-thompsons-olympic-challenge"	194
"Dan Dare III: The Escape"	618	"dan-dare-3"	905
"Dark Castle"	628	"dark-castle"	907
"Dark Fusion"	631	"dark-fusion"	1558
"Dark Side"	633	"dark-side"	288
"Darkman"	637	"darkman"	910
"Magazin, Das"	638	"magazin-das"	915
"Days of Thunder"	641	"days-of-thunder"	559
"Deadline"	645	"deadline"	919
"Deep, The"	656	"deep"	3427
"Defender of the Crown"	661	"defender-of-the-crown"	11
"Deflektor"	663	"deflektor"	110
"Deja Vu: A Nightmare Comes True"	664	"deja-vu"	929
"Deliverance: Stormlord II"	666	"deliverance-stormlord-2"	931
"Demon Blue"	669	"demon-blue"	933
"Dick Tracy"	688	"dick-tracy"	579
"Defenders of the Earth"	693	"defenders-of-the-earth"	542
"Die Hard 2: Die Harder"	723	"die-hard-2"	945
"Dizzy: Crystal Kingdom"	730	"dizzy-crystal-kingdom"	1532
"Dizzy: Fantasy World"	732	"dizzy-fantasy-world"	1035
"Kwik Snax"	733	"kwik-snax"	2071
"Dizzy: Magic Land"	734	"dizzy-magic-land"	2151
"Dizzy: Prince of the Yolkfolk"	736	"dizzy-prince-of-the-yolkfolk"	2458
"Dizzy: Spellbound"	737	"dizzy-spellbound"	2750
"Dizzy: Treasure Island"	738	"dizzy-treasure-island"	398
"Dizzy Dice"	739	"dizzy-dice"	4212
"Doctor Doom's Revenge"	742	"doctor-dooms-revenge"	973
"Dominator"	746	"dominator"	547
"Donald Duck's Playground"	747	"donald-ducks-playground"	1606
"Double Dragon"	752	"double-dragon"	240
"Double Dragon II: The Revenge"	753	"double-dragon-2"	959
"Double Dragon 3: The Rosetta Stone"	754	"double-dragon-3"	960
"Down at the Trolls"	758	"down-at-the-trolls"	2526
"Dragon Breed"	765	"dragon-breed"	571
"Dragon Ninja"	767	"dragon-ninja"	963
"Dragon Spirit"	769	"dragon-spirit"	967
"Dragons of Flame"	776	"dragons-of-flame"	1620
"Driller"	783	"driller"	172
"Duck Tales: The Quest for Gold"	790	"duck-tales"	976
"Count Duckula II"	792	"count-duckula-2"	1505
"Dynamite Düx"	803	"dynamite-dux"	362
"Dynasty Wars"	804	"dynasty-wars"	453
"Dyter-07"	805	"dyter-07"	539
"Edd the Duck!"	809	"edd-the-duck"	988
"Eliminator"	817	"eliminator"	87
"Elite"	818	"elite"	116
"Elvira: Mistress of the Dark"	820	"elvira-mistress-of-the-dark"	996
"Elvira: The Arcade Game"	821	"elvira-the-arcade-game"	1651
"Elvira II: The Jaws of Cerberus"	822	"elvira-2"	998
"Emlyn Hughes International Soccer"	826	"emlyn-hughes-international-soccer"	1652
"E-Motion"	827	"e-motion"	1001
"Star Wars: The Empire Strikes Back"	830	"star-wars-the-empire-strikes-back"	2797
"Enchanter"	831	"enchanter"	3460
"Encounter"	832	"encounter"	4848
"Enduro Racer"	833	"enduro-racer"	89
"Escape from the Planet of the Robot Monsters"	848	"escape-from-the-planet-of-the-robot-monsters"	523
"Eskimo Games"	851	"eskimo-games"	331
"Espionage"	852	"espionage"	532
"ESWAT"	854	"eswat"	1638
"Exile"	865	"exile"	1015
"Exolon"	867	"exolon"	190
"Exterminator"	870	"exterminator-audiogenic"	1019
"F1 Tornado"	872	"f1-tornado"	1023
"F-15 Strike Eagle"	873	"f-15-strike-eagle"	1024
"F-16 Combat Pilot"	874	"f-16-combat-pilot"	1026
"Fallen Angel"	884	"fallen-angel"	1034
"Famous Five, The: Five on a Treasure Island"	886	"famous-five-on-a-treasure-island"	1708
"Fast Food!"	890	"fast-food"	1038
"Fernandez Must Die"	899	"fernandez-must-die"	147
"Ferrari Formula One"	900	"ferrari-formula-one"	375
"Fiendish Freddy's Big Top 'o Fun"	905	"fiendish-freddys-big-top-o-fun"	1721
"Fighter Bomber"	908	"fighter-bomber"	1046
"Final Blow"	910	"final-blow"	1050
"Final Fight"	912	"final-fight"	1053
"Fire & Forget II: The Death Convoy"	915	"fire-and-forget-2"	1058
"First Samurai"	927	"first-samurai"	1747
"Fish!"	929	"fish"	1063
"Flimbo's Quest"	940	"flimbos-quest"	567
"Flintstones, The"	941	"flintstones"	217
"Flying Shark"	949	"flying-shark"	158
"Football Director"	950	"football-director"	316
"Football Manager"	951	"football-manager"	49
"Footballer of the Year 2"	953	"footballer-of-the-year-2"	396
"Forgotten Worlds"	959	"forgotten-worlds"	1072
"Frankenstein"	968	"frankenstein-zeppelin-games"	1076
"Frost Byte"	993	"frost-byte"	182
"Fugger"	999	"fugger"	3657
"Future Bike Simulator"	1002	"future-bike-simulator"	1084
"Galdregon's Domain"	1013	"galdregons-domain"	1091
"Game Over II"	1016	"game-over-2"	1092
"Garfield: Big, Fat, Hairy Deal"	1024	"garfield-big-fat-hairy-deal"	143
"Garfield: Winter's Tail"	1025	"garfield-winters-tail"	1094
"Gauntlet"	1031	"gauntlet"	1812
"Gauntlet III: The Final Quest"	1033	"gauntlet-3-the-final-quest"	1096
"Gauntlet II"	1034	"gauntlet-2"	4
"GBA Championship Basketball: Two-on-Two"	1036	"gba-championship-basketball"	1148
"Gemini Wing"	1038	"gemini-wing"	1099
"Gem'X"	1040	"gemx"	1101
"Ghostbusters II"	1049	"ghostbusters-2"	1107
"Ghosts 'n Goblins"	1050	"ghosts-n-goblins"	521
"Ghouls 'n Ghosts"	1053	"ghouls-n-ghosts"	1109
"Gilbert: Escape from Drill"	1055	"gilbert-escape-from-drill"	320
"G-Loc R360"	1060	"g-loc-r360"	1113
"Glücksrad"	1061	"glucksrad"	1114
"Gnome Ranger"	1062	"gnome-ranger"	1115
"Golden Axe"	1068	"golden-axe"	1119
"Goldrunner"	1071	"goldrunner"	23
"Goofy's Railway Express"	1073	"goofys-railway-express"	4809
"Graeme Souness Soccer Manager"	1078	"graeme-souness-soccer-manager"	1126
"Graffiti Man"	1079	"graffiti-man"	1848
"Grand Monster Slam"	1082	"grand-monster-slam"	2253
"Grand Prix Master"	1084	"grand-prix-master"	371
"Great Courts"	1089	"great-courts"	1133
"Great Giana Sisters, The"	1091	"great-giana-sisters"	1824
"Greg Norman's Ultimate Golf"	1098	"greg-normans-ultimate-golf"	1135
"Gremlins 2: The New Batch"	1101	"gremlins-2"	566
"Gridrunner"	1106	"gridrunner"	285
"Guardian Angel, The"	1114	"guardian-angel"	1077
"Guild of Thieves, The"	1116	"guild-of-thieves"	1141
"Gunship"	1123	"gunship"	1142
"H.A.T.E. - Hostile All Terrain Encounter"	1130	"hate"	1889
"Hacker"	1132	"hacker"	1874
"Hacker II: The Doomsday Papers"	1133	"hacker-2"	1875
"Hammer Boy"	1139	"hammer-boy"	3905
"Hammerfist"	1140	"hammerfist"	528
"Hanse"	1142	"hanse"	3627
"Hard Drivin'"	1145	"hard-drivin"	24
"Hard 'n' Heavy"	1147	"hard-n-heavy"	1881
"HardBall!"	1148	"hardball"	1884
"Hawkeye"	1154	"hawkeye"	301
"Head over Heels"	1158	"head-over-heels"	1894
"Heavy Metal"	1166	"heavy-metal"	543
"Hellfire"	1174	"hellfire"	170
"Helter Skelter"	1179	"helter-skelter"	3629
"HeroQuest"	1189	"heroquest"	1906
"Heroes of the Lance"	1192	"heroes-of-the-lance"	1907
"Highway Encounter"	1203	"highway-encounter"	6406
"Hillsfar"	1204	"hillsfar"	1914
"Hitchhiker's Guide to the Galaxy, The"	1205	"hitchhikers-guide-to-the-galaxy"	3447
"Hollywood Hijinx"	1213	"hollywood-hijinx"	3459
"Hollywood Poker"	1215	"hollywood-poker"	1918
"Hollywood Poker Pro"	1216	"hollywood-poker-pro"	1919
"Hong Kong Phooey"	1217	"hong-kong-phooey"	1921
"Hostages"	1226	"hostages"	1926
"Hot Rod"	1229	"hot-rod"	1930
"Hotshot"	1230	"hotshot"	103
"Hudson Hawk"	1237	"hudson-hawk"	1941
"HKM: Human Killing Machine"	1239	"human-killing-machine"	1943
"Hunt for Red October, The"	1248	"hunt-for-red-october-shoot-em-up"	1944
"Hydra"	1255	"hydra"	1949
"IK+"	1271	"ik-plus"	1960
"Ikari Warriors"	1273	"ikari-warriors"	25
"Impact!"	1280	"impact"	1962
"Impossamole"	1282	"impossamole"	435
"Impossible Mission 2"	1284	"impossible-mission-2"	1965
"In 80 Days Around the World"	1285	"in-80-days-around-the-world"	3961
"ISS: Incredible Shrinking Sphere"	1286	"incredible-shrinking-sphere"	1956
"Indiana Jones and the Fate of Atlantis"	1288	"indiana-jones-and-the-fate-of-atlantis"	1967
"Indiana Jones and the Last Crusade"	1289	"indiana-jones-and-the-last-crusade"	26
"Indiana Jones and the Temple of Doom"	1291	"indiana-jones-and-the-temple-of-doom"	128
"Indoor Sports"	1292	"indoor-sports"	1970
"Indy Heat"	1294	"indy-heat"	1972
"Infidel"	1296	"infidel"	3458
"Ingrid's Back!"	1299	"ingrids-back"	4304
"Insects in Space"	1303	"insects-in-space"	1977
"Inside Outing"	1304	"inside-outing"	276
"International 3D Tennis"	1311	"international-3d-tennis"	1153
"International Ice Hockey"	1314	"international-ice-hockey"	1980
"International Karate"	1315	"international-karate"	1981
"International Ninja Rabbits"	1317	"international-ninja-rabbits"	3509
"International Truck Racing"	1322	"international-truck-racing"	1985
"Into the Eagle's Nest"	1324	"into-the-eagles-nest"	39
"Inve$t"	1328	"invest"	3655
"I Play: 3D Soccer"	1330	"i-play-3d-soccer"	2415
"Iron Lord"	1335	"iron-lord"	462
"Ivan 'Ironman' Stewart's Super Off Road"	1336	"ironman-super-off-road"	507
"Italy 1990"	1339	"italy-1990"	421
"Jack Nicklaus Greatest 18 Holes of Major Championship Golf"	1345	"jack-nicklaus-golf"	2005
"Jahangir Khan Squash"	1351	"jahangir-khan-squash"	2006
"James Pond 2: Codename RoboCod"	1354	"james-pond-2"	2008
"Jetsons, The"	1368	"jetsons"	3677
"Jewels of Darkness"	1369	"jewels-of-darkness"	5555
"Jinks"	1372	"jinks"	2015
"Jinxter"	1374	"jinxter"	2016
"Jocky Wilson's Darts Challenge"	1375	"jocky-wilsons-darts-challenge"	2019
"Joe Blade"	1377	"joe-blade"	45
"Joe Blade II"	1378	"joe-blade-2"	210
"John Lowe's Ultimate Darts"	1380	"john-lowes-ultimate-darts"	3094
"Journey to the Center of the Earth"	1387	"journey-to-the-center-of-the-earth"	2024
"Jouste"	1388	"jouste"	5502
"Judge Dredd"	1391	"judge-dredd-virgin-mastertronic"	2026
"Jump Jet"	1392	"jump-jet"	2028
"Kamikaze"	1405	"kamikaze"	2038
"Karateka"	1413	"karateka"	2040
"Kayden Garth"	1417	"kayden-garth"	2042
"Kennedy Approach"	1420	"kennedy-approach"	2044
"Kenny Dalglish Soccer"	1421	"kenny-dalglish-soccer"	382
"Kenny Dalglish Soccer Manager"	1422	"kenny-dalglish-soccer-manager"	315
"Kick Off"	1431	"kick-off-anco"	2047
"Killing Machine"	1438	"killing-machine"	2057
"KLAX"	1444	"klax"	444
"Knight Orc"	1448	"knight-orc"	3408
"Knightmare"	1450	"knightmare-activision"	42
"Lancelot"	1474	"lancelot"	3304
"Laser Squad"	1479	"laser-squad"	2077
"Last Duel"	1484	"last-duel"	2079
"Last Ninja, The"	1488	"last-ninja"	3984
"Last Ninja 2: Back with a Vengeance"	1489	"last-ninja-2"	548
"Last Ninja 3"	1490	"last-ninja-3"	2081
"Last Ninja Remix"	1491	"last-ninja-remix"	2311
"Leaderboard Golf"	1500	"leaderboard-golf"	91
"Leather Goddesses of Phobos"	1503	"leather-goddesses-of-phobos"	3457
"LED Storm"	1504	"led-storm"	2090
"Lemmings"	1513	"lemmings"	2101
"Lethal Weapon"	1516	"lethal-weapon"	2087
"Leviathan"	1518	"leviathan"	318
"Licence to Kill"	1520	"licence-to-kill"	302
"Line of Fire"	1523	"line-of-fire"	2113
"Little Computer People"	1525	"little-computer-people"	2114
"Little Puff in Dragonland"	1528	"little-puff-in-dragonland"	2115
"Live and Let Die"	1529	"live-and-let-die"	175
"Locomotion"	1533	"locomotion-kingsoft"	2123
"Log!cal"	1536	"log-cal"	2125
"Logo"	1537	"logo"	2126
"Loopz"	1540	"loopz"	2129
"Lords of Chaos"	1542	"lords-of-chaos"	2130
"Lords of Conquest"	1543	"lords-of-conquest"	2131
"Lords of Doom"	1544	"lords-of-doom"	3305
"Lotus Esprit Turbo Challenge"	1548	"lotus-esprit-turbo-challenge"	503
"Lucky Luke: Nitroglycerine"	1552	"lucky-luke-nitroglycerine"	4159
"Lurking Horror, The"	1556	"lurking-horror"	3446
"Macadam Bumper"	1559	"macadam-bumper"	357
"Mad Mix Game: The Pepsi Challenge"	1563	"mad-mix-game"	167
"Manchester United: The Official Computer Game"	1587	"manchester-united-the-official-computer-game"	519
"Manchester United Europe"	1588	"manchester-united-europe"	2162
"Maniac Mansion"	1591	"maniac-mansion"	3354
"Maniax"	1593	"maniax"	2169
"Marble Madness"	1596	"marble-madness"	2172
"Match of the Day"	1614	"match-of-the-day"	2179
"Mayday Squad!"	1624	"mayday-squad"	3295
"McDonald Land"	1627	"mcdonald-land"	2188
"Mean Machine"	1630	"mean-machine"	2190
"Mean Streets"	1632	"mean-streets"	505
"Mega Phoenix"	1637	"mega-phoenix"	4483
"Menace"	1644	"menace"	241
"Mercenary: Escape from Targ"	1645	"mercenary-escape-from-targ"	3542
"Mercs"	1647	"mercs"	2202
"Metro-Cross"	1658	"metro-cross"	169
"Mickey Mouse"	1664	"mickey-mouse"	2210
"Mickey's Runaway Zoo"	1665	"mickeys-runaway-zoo"	4627
"MicroProse Soccer"	1671	"microprose-soccer"	2214
"Midnight Resistance"	1672	"midnight-resistance"	551
"MIG-29 Soviet Fighter"	1674	"mig-29-soviet-fighter"	2221
"Mighty Bomb Jack"	1677	"mighty-bomb-jack"	2227
"Mike Read's Computer Pop Quiz"	1678	"mike-reads-computer-pop-quiz"	334
"Mindshadow"	1684	"mindshadow"	2274
"Mission Elevator"	1694	"mission-elevator"	216
"Monty Python's Flying Circus"	1706	"monty-pythons-flying-circus"	2255
"Moon Patrol"	1710	"moon-patrol-atarisoft"	57
"MoonFall"	1713	"moonfall"	2259
"Moonmist"	1714	"moonmist"	3455
"Moonwalker: The Computer Game"	1719	"moonwalker"	3324
"Motor Massacre"	1724	"motor-massacre"	2263
"Mr. HELI"	1736	"mr-heli"	2272
"Munsters, The"	1750	"munsters"	218
"MYTH: History in the Making"	1761	"myth-history-in-the-making"	30
"NARC"	1762	"narc"	2286
"Narco Police"	1763	"narco-police"	581
"Navy Moves"	1768	"navy-moves"	297
"Navy Seals"	1769	"navy-seals"	2291
"Nebulus"	1771	"nebulus"	86
"Neighbours"	1773	"neighbours"	3676
"Netherworld"	1779	"netherworld"	181
"Newzealand Story, The"	1783	"newzealand-story"	420
"Night Breed"	1789	"night-breed"	2303
"Night Shift"	1793	"night-shift"	2302
"Nine Princes in Amber"	1794	"nine-princes-in-amber"	3960
"Ninja"	1795	"ninja-mastertronic"	80
"Ninja Spirit"	1800	"ninja-spirit"	515
"Ninja Warriors, The"	1801	"ninja-warriors"	2313
"Nord and Bert Couldn't Make Head or Tail of It"	1807	"nord-and-bert"	4126
"North & South"	1808	"north-and-south"	28
"NorthStar"	1810	"northstar"	33
"Oil Imperium"	1821	"oil-imperium"	361
"Operation Hongkong"	1843	"operation-hongkong"	4164
"Operation Hormuz"	1844	"operation-hormuz"	286
"Operation Thunderbolt"	1847	"operation-thunderbolt"	513
"Operation Wolf"	1849	"operation-wolf"	214
"Out Run"	1864	"out-run"	2349
"Out Run Europa"	1865	"out-run-europa"	2350
"Overlander"	1867	"overlander"	78
"Oxxonian"	1869	"oxxonian"	2354
"P47 Thunderbolt"	1874	"p47-thunderbolt"	2357
"Pac-Land"	1875	"pac-land"	2360
"Pac-Mania"	1877	"pac-mania"	165
"Pang"	1882	"pang"	575
"Paperboy"	1885	"paperboy"	2373
"Passengers on the Wind"	1897	"passengers-on-the-wind"	3371
"Passing Shot"	1899	"passing-shot"	2379
"Pawn, The"	1901	"pawn"	2957
"Persian Gulf Inferno"	1912	"persian-gulf-inferno"	520
"Peter Beardsley's International Football"	1914	"peter-beardsleys-international-football"	2391
"Phantasie"	1917	"phantasie"	6
"Phantasie III: The Wrath of Nikademus"	1919	"phantasie-3"	3
"Phobia"	1925	"phobia"	305
"Pictionary: The Game of Quick Draw"	1926	"pictionary"	3410
"Pink Panther"	1935	"pink-panther"	3411
"Pipe Mania"	1936	"pipe-mania"	384
"Pirates!"	1941	"pirates"	355
"Pit-Fighter: The Ultimate Competition"	1946	"pit-fighter"	2408
"Planetfall"	1950	"planetfall"	3412
"Platoon"	1951	"platoon"	2413
"Plotting"	1954	"plotting"	480
"Plundered Hearts"	1955	"plundered-hearts"	3456
"Pool of Radiance"	1968	"pool-of-radiance"	4435
"Popeye II"	1971	"popeye-2"	3414
"Postman Pat"	1976	"postman-pat"	358
"Postman Pat III"	1978	"postman-pat-3"	4465
"Power Drift"	1983	"power-drift"	2437
"Pro Powerboat Simulator"	1985	"pro-powerboat-simulator"	466
"Predator"	1988	"predator"	199
"Predator 2"	1989	"predator-2"	2445
"Pro Boxing Simulator"	1995	"pro-boxing-simulator"	2460
"Pro Tennis Tour"	1997	"pro-tennis-tour"	1133
"Professional Ski Simulator"	1999	"professional-ski-simulator"	596
"Prohibition"	2001	"prohibition"	2469
"Protector"	2005	"protector"	2472
"Psycho: Arcade Quest"	2011	"psycho-arcade-quest"	2474
"Pub Trivia"	2016	"pub-trivia"	441
"Puffy's Saga"	2017	"puffys-saga"	2477
"Puzznic"	2026	"puzznic"	2489
"Questron II"	2056	"questron-2"	2501
"Rainbow Islands"	2078	"rainbow-islands"	2513
"Rainbow Warrior"	2079	"rainbow-warrior"	2514
"Rally Cross"	2080	"rally-cross-anco"	3688
"Rambo III"	2085	"rambo-3"	243
"Rampage"	2086	"rampage"	156
"Rampart"	2088	"rampart"	2518
"Real Ghostbusters, The"	2102	"real-ghostbusters"	2525
"Red Heat"	2114	"red-heat"	295
"Red Storm Rising"	2117	"red-storm-rising"	2535
"Renegade"	2119	"renegade"	3773
"Star Wars: Return of the Jedi"	2128	"star-wars-return-of-the-jedi"	161
"Revenge of the Mutant Camels"	2133	"revenge-of-the-mutant-camels"	2545
"Rick Dangerous"	2137	"rick-dangerous"	329
"Rick Dangerous II"	2138	"rick-dangerous-2"	495
"Rimrunner"	2140	"rimrunner"	5113
"RoadBlasters"	2144	"roadblasters"	277
"Roadwar 2000"	2148	"roadwar-2000"	10
"Roadwar Europa"	2149	"roadwar-europa"	2
"Roadwars"	2150	"roadwars"	2558
"Robin Hood: Legend Quest"	2153	"robin-hood-legend-quest"	2559
"RoboCop"	2157	"robocop"	282
"RoboCop 2"	2158	"robocop-2"	583
"Robotron: 2084"	2161	"robotron-2084"	34
"Robozone"	2163	"robozone"	2567
"Rock'n Roll"	2165	"rockn-roll"	390
"Rock Star Ate My Hamster"	2167	"rock-star-ate-my-hamster"	425
"Rocket Ranger"	2169	"rocket-ranger"	2571
"Rodland"	2172	"rodland"	3365
"RollerCoaster Rumbler"	2177	"rollercoaster-rumbler"	2579
"Rolling Ronny"	2178	"rolling-ronny"	2580
"Rolling Thunder"	2179	"rolling-thunder"	51
"Round the Bend!"	2182	"round-the-bend"	2590
"Roy of the Rovers"	2183	"roy-of-the-rovers"	2591
"R-Type"	2184	"r-type"	242
"Rubicon"	2186	"rubicon"	2593
"Ruff and Reddy"	2188	"ruff-and-reddy"	478
"Rugby: The World Cup"	2189	"rugby-the-world-cup"	3336
"Run the Gauntlet"	2193	"run-the-gauntlet"	419
"Running Man, The"	2194	"running-man"	2962
"S.T.U.N. Runner"	2201	"stun-runner"	582
"Saint Dragon"	2207	"saint-dragon"	2606
"Sarakon"	2219	"sarakon"	2612
"SAS Combat Simulator"	2220	"sas-combat-simulator"	427
"Satan"	2221	"satan"	552
"Savage"	2224	"savage"	290
"Scapeghost"	2228	"scapeghost"	3290
"Scooby & Scrappy Doo"	2235	"scooby-and-scrappy-doo"	2619
"Computer Scrabble De Luxe"	2240	"computer-scrabble-de-luxe"	56
"Seastalker"	2250	"seastalker"	3376
"Second World, The"	2252	"second-world"	3787
"Sentinel, The"	2260	"sentinel-firebird"	35
"Sex Vixens from Space"	2270	"sex-vixens-from-space"	2636
"Seymour at the Movies"	2271	"seymour-at-the-movies"	2637
"Shackled"	2272	"shackled"	111
"Shadow Dancer"	2273	"shadow-dancer"	2639
"Shadow of the Beast"	2274	"shadow-of-the-beast"	482
"Shadow Warriors"	2277	"shadow-warriors"	2643
"Shanghai"	2283	"shanghai"	417
"Sherlock: The Riddle of the Crown Jewels"	2293	"sherlock-the-riddle-of-the-crown-jewels"	3448
"Shiftrix"	2296	"shiftrix"	6075
"Shinobi"	2297	"shinobi"	2650
"SEUCK: Shoot-Em-Up Construction Kit"	2303	"seuck"	2634
"Sidewinder II"	2306	"sidewinder-2"	405
"Silk Worm"	2311	"silk-worm"	2664
"Sim City"	2313	"sim-city"	442
"Sinbad and the Throne of the Falcon"	2316	"sinbad-and-the-throne-of-the-falcon"	29
"Skateball"	2323	"skateball"	2671
"Skull and Crossbones"	2332	"skull-and-crossbones"	2676
"Sky High Stuntman"	2333	"sky-high-stuntman"	3386
"Skyfox"	2339	"skyfox-electronic-arts"	2683
"Slap Fight"	2343	"slap-fight"	154
"Slayer"	2345	"slayer"	2688
"Sleepwalker"	2346	"sleepwalker-ocean"	2346
"Slightly Magic"	2349	"slightly-magic"	2692
"Sly Spy: Secret Agent"	2355	"sly-spy-secret-agent"	563
"Smash T.V."	2356	"smash-tv"	2701
"Snoball in Hell"	2360	"snoball-in-hell"	2703
"Snow Strike"	2363	"snow-strike"	498
"Soldier of Light"	2370	"soldier-of-light"	202
"Solomon's Key"	2373	"solomons-key"	166
"Sonic Boom"	2375	"sonic-boom"	2717
"Sooty & Sweep"	2377	"sooty-and-sweep"	3388
"Sorcerer"	2379	"sorcerer"	3449
"Space Crusade"	2384	"space-crusade"	2726
"Space Gun"	2386	"space-gun"	2727
"Space Harrier"	2387	"space-harrier"	2728
"Space Rogue"	2390	"space-rogue"	2737
"Speedball"	2405	"speedball"	189
"Speedball 2: Brutal Deluxe"	2406	"speedball-2"	15
"Spellbreaker"	2410	"spellbreaker"	3450
"Spellfire the Sorcerer"	2411	"spellfire-the-sorcerer"	2751
"Spherical"	2414	"spherical"	3765
"Spikey in Transylvania"	2417	"spikey-in-transylvania"	2756
"Spitting Image: The Computer Game"	2424	"spitting-image"	516
"Spy Who Loved Me, The"	2437	"spy-who-loved-me"	564
"Spy vs Spy"	2438	"spy-vs-spy"	129
"Spy vs Spy II: The Island Caper"	2439	"spy-vs-spy-2"	412
"Star Wars"	2459	"star-wars"	2797
"Starball"	2460	"starball"	5493
"Starbyte Super Soccer"	2462	"starbyte-super-soccer"	2860
"Starcross"	2463	"starcross"	3451
"Starglider"	2468	"starglider"	9
"Starquake"	2470	"starquake"	61
"StarRay"	2471	"starray"	121
"StarTrash"	2472	"startrash"	2796
"Stationfall"	2473	"stationfall"	3452
"Steel"	2475	"steel"	2798
"Steg the Slug"	2478	"steg-the-slug"	2800
"Steigar"	2479	"steigar"	2802
"Stone Age"	2485	"stone-age"	3294
"Stormlord"	2490	"stormlord"	2812
"Stratego"	2492	"stratego"	3392
"Street Fighter"	2495	"street-fighter"	227
"Street Fighter II"	2497	"street-fighter-2"	2820
"Street Gang"	2498	"street-gang"	64
"Strider"	2508	"strider"	2824
"Strider II"	2509	"strider-2"	2825
"Strike!"	2510	"strike"	280
"Strike Fleet"	2511	"strike-fleet"	3393
"Stunt Car Racer"	2518	"stunt-car-racer"	365
"Sub Battle Simulator"	2521	"sub-battle-simulator"	2837
"Subbuteo: The Computer Game"	2523	"subbuteo-the-computer-game"	479
"Summer Games"	2529	"summer-games"	2839
"Summer Games II"	2530	"summer-games-2"	2840
"Summer Olympiad"	2531	"summer-olympiad"	2841
"Super Cars"	2537	"super-cars"	413
"Super Cycle"	2538	"super-cycle"	2845
"Super Hang-On"	2542	"super-hang-on"	112
"Super Huey"	2543	"super-huey"	54
"Super Scramble Simulator"	2554	"super-scramble-simulator"	2854
"Super Seymour"	2555	"super-seymour"	2855
"Super Space Invaders"	2557	"super-space-invaders"	2862
"Super Sprint"	2559	"super-sprint"	113
"Super Stuntman"	2561	"super-stuntman"	2864
"Superstar Ice Hockey"	2571	"superstar-ice-hockey"	3400
"Supremacy"	2574	"supremacy"	2871
"Suspect"	2577	"suspect"	3453
"Suspended"	2578	"suspended"	3454
"Swap"	2580	"swap"	3402
"Switchblade"	2582	"switchblade"	2875
"SWIV"	2583	"swiv"	2878
"Sword and the Rose, The"	2585	"sword-and-the-rose"	2970
"Sword of Kadash"	2588	"sword-of-kadash"	3338
"Tai-Pan"	2593	"tai-pan"	4492
"Tau Ceti"	2608	"tau-ceti"	2894
"T-Bird"	2609	"t-bird"	2882
"TechnoCop"	2611	"technocop"	2899
"Teenage Mutant Hero Turtles: The Coin-Op!"	2612	"teenage-mutant-hero-turtles-the-coin-op"	3674
"Temple of Apshai Trilogy, The"	2614	"temple-of-apshai-trilogy"	2905
"Terminator 2: Judgment Day"	2618	"terminator-2"	2914
"Terramex"	2621	"terramex"	220
"Terrorpods"	2623	"terrorpods"	2917
"Terry's Big Adventure"	2624	"terrys-big-adventure"	383
"Test Drive"	2625	"test-drive"	2921
"Test Drive II: The Duel"	2626	"test-drive-2"	2922
"Tetris"	2627	"tetris-mirrorsoft"	132
"Thai Boxing"	2628	"thai-boxing"	4277
"Games, The: Summer Edition"	2630	"games-summer-edition"	2942
"Games, The: Winter Edition"	2631	"games-winter-edition"	2944
"Thomas the Tank Engine"	2637	"thomas-the-tank-engine"	5595
"Three Musketeers, The"	2638	"three-musketeers"	2926
"Thunder Blade"	2643	"thunder-blade"	2980
"Thunder Jaws"	2645	"thunder-jaws"	2986
"Thunderbirds"	2647	"thunderbirds-grandslam"	2979
"ThunderCats: The Lost Eye of Thundera"	2649	"thundercats"	69
"Tiger Road"	2653	"tiger-road"	2992
"Time Machine"	2656	"time-machine"	561
"Time Soldier"	2658	"time-soldier"	526
"Times of Lore"	2662	"times-of-lore"	3003
"Tintin on the Moon"	2663	"tintin-on-the-moon"	3005
"Titanic Blinky"	2664	"titanic-blinky"	3009
"To be on Top"	2665	"to-be-on-top"	3012
"Toki"	2669	"toki"	3013
"Tom & Jerry: Hunting High and Low"	2672	"tom-and-jerry"	3015
"Toobin'"	2676	"toobin"	380
"Top Cat: Beverly Hills Cats"	2678	"top-cat"	3020
"Top Gun"	2681	"top-gun"	215
"Total Eclipse"	2683	"total-eclipse"	283
"Total Recall"	2684	"total-recall"	3027
"Track Suit Manager"	2692	"track-suit-manager"	249
"Trailblazer"	2694	"trailblazer"	37
"TransWorld"	2699	"transworld"	4278
"Turbo Out Run"	2726	"turbo-out-run"	3068
"Turn 'n Burn"	2728	"turn-n-burn"	3069
"Turrican"	2729	"turrican"	487
"Turrican II: The Final Fight"	2730	"turrican-2"	7
"Tusker"	2732	"tusker"	457
"TV Sports Football"	2733	"tv-sports-football"	3079
"Twinworld"	2738	"twinworld"	3699
"Ultima III: Exodus"	2749	"ultima-3"	264
"Ultima IV: Quest of the Avatar"	2750	"ultima-4"	265
"Ultima V: Warriors of Destiny"	2751	"ultima-5"	3088
"Ultima VI: The False Prophet"	2752	"ultima-6"	3089
"UN Squadron"	2755	"un-squadron"	3098
"Uninvited"	2760	"uninvited"	3100
"Untouchables, The"	2761	"untouchables"	2971
"Uridium"	2766	"uridium"	150
"U.S.S. John Young"	2768	"uss-john-young"	584
"Vampire's Empire"	2773	"vampires-empire"	77
"Vector Ball"	2774	"vector-ball"	239
"Vermeer"	2781	"vermeer"	4236
"Victory Road"	2784	"victory-road"	225
"Vindicators"	2792	"vindicators"	3119
"Vixen"	2793	"vixen"	117
"Viz: The Game"	2794	"viz-the-game"	3125
"Volfied"	2796	"volfied"	3126
"Wacky Darts"	2802	"wacky-darts"	3135
"Wacky Races"	2803	"wacky-races"	3136
"War in Middle Earth"	2807	"war-in-middle-earth"	3141
"Wargame Construction Set"	2810	"wargame-construction-set"	3144
"Warhawk"	2812	"warhawk"	259
"Warlock: The Avenger"	2813	"warlock-the-avenger"	3147
"Weird Dreams"	2828	"weird-dreams"	314
"Welltris"	2829	"welltris"	3159
"Western Games"	2835	"western-games"	3162
"Who Framed Roger Rabbit"	2850	"who-framed-roger-rabbit"	3168
"Wild Streets"	2852	"wild-streets"	3586
"Winnie the Pooh in the Hundred Acre Wood"	2861	"winnie-the-pooh"	3178
"Winter Games"	2863	"winter-games"	3179
"Winter Olympiad 88"	2864	"winter-olympiad-88"	3180
"Winter Supersports 92"	2865	"winter-supersports-92"	3587
"Winzer"	2868	"winzer"	4234
"Wishbringer"	2869	"wishbringer"	3443
"Witness, The"	2871	"witness"	3445
"Wizard Warz"	2876	"wizard-warz"	3182
"Wizball"	2881	"wizball"	134
"Wonder Boy in Monsterland"	2887	"wonderboy-in-monsterland"	376
"World Cricket"	2890	"world-cricket"	3196
"World Games"	2894	"world-games"	3198
"Wrath of the Demon"	2898	"wrath-of-the-demon"	3204
"WWF European Rampage Tour"	2900	"wwf-european-rampage-tour"	3207
"WWF WrestleMania"	2901	"wwf-wrestlemania"	3209
"Xenomorph"	2906	"xenomorph"	3213
"Xenon"	2907	"xenon"	183
"Xenophobe"	2908	"xenophobe"	3216
"Xevious"	2909	"xevious"	59
"Xor"	2912	"xor"	141
"X-Out"	2913	"x-out"	411
"Xybots"	2915	"xybots"	3221
"Yogi Bear & Friends in the Greed Monster"	2922	"yogi-bear-and-friends-in-the-greed-monster"	470
"Yogi's Great Escape"	2923	"yogis-great-escape"	3225
"Zak McKracken and the Alien Mindbenders"	2928	"zak-mckracken"	3229
"Zombi"	2949	"zombi"	3322
"Zork I: The Great Underground Empire"	2956	"zork-1-the-great-underground-empire"	3440
"Zork II: The Wizard of Frobozz"	2957	"zork-2-the-wizard-of-frobozz"	3441
"Zork III: The Dungeon Master"	2958	"zork-3-the-dungeon-master"	3442
"Zynaps"	2966	"zynaps"	3243
"Battlezone"	2972	"battlezone"	703
"Cyberball: Football in the 21st Century"	2978	"cyberball-football-in-the-21st-century"	437
"3D Pool"	3012	"3d-pool"	293
"Black Gold"	3023	"black-gold-starbyte-software"	724
"Curse of RA"	3033	"curse-of-ra"	501
"Eye of Horus"	3045	"eye-of-horus"	540
"Fahrenheit 451"	3048	"fahrenheit-451"	4218
"Jagd auf Roter Oktober"	3074	"jagd-auf-roter-oktober"	1944
"Kick Off 2"	3076	"kick-off-2"	452
"Leonardo"	3078	"leonardo"	2103
"Liverpool: The Computer Game"	3079	"liverpool"	2117
"Pandora"	3085	"pandora"	178
"Power Struggle"	3088	"power-struggle"	2439
"Powerplay: The Game of the Gods"	3089	"powerplay"	2438
"Reederei"	3092	"reederei"	6082
"Rockford: The Arcade Game"	3094	"rockford-the-arcade-game"	71
"SDI: Strategic Defence Initiative"	3096	"sdi"	238
"SideArms"	3099	"sidearms"	2658
"Silent Service"	3100	"silent-service"	2662
"Space Harrier II"	3105	"space-harrier-2"	336
"Steve Davis Snooker"	3110	"steve-davis-snooker"	2804
"TankAttack"	3117	"tankattack"	349
"Teenage Mutant Hero Turtles"	3119	"teenage-mutant-hero-turtles"	576
"Wall$treet"	3126	"wallstreet"	757
"War Machine"	3127	"war-machine"	3143
"Volleyball Simulator, The"	3132	"volleyball-simulator"	3128
"Zero Gravity"	3136	"zero-gravity"	3235
"Return of the Mutant Camels"	3140	"return-of-the-mutant-camels"	83
"F.1 Manager"	3145	"f1-manager"	1022
"Alternate Reality: The City"	3160	"alternate-reality-the-city"	625
"Bundesliga Manager"	3167	"bundesliga-manager"	573
"Chessmaster 2000, The"	3170	"chessmaster-2000"	308
"Demon's Winter"	3172	"demons-winter"	935
"Donald's Alphabet Chase"	3173	"donalds-alphabet-chase"	5585
"Fighting Soccer"	3175	"fighting-soccer"	386
"Flight Simulator II"	3176	"flight-simulator-2"	1752
"Hellowoon: Das Geheimnis des Zauberstabs"	3181	"hellowoon"	4008
"Th!nk Cross"	3207	"think-cross"	3681
"Arcade Trivia Quiz"	3213	"arcade-trivia-quiz"	641
"Axe of Rage"	3215	"axe-of-rage"	687
"Cluedo"	3217	"cluedo"	849
"Football Manager 2"	3225	"football-manager-2"	124
"Football Manager: World Cup Edition"	3226	"football-manager-world-cup-edition"	38
"Fun School 2: For 6 to 8 year olds"	3227	"fun-school-2-for-6-to-8"	5168
"Heat Wave"	3235	"heat-wave"	1895
"President is Missing, The"	3247	"president-is-missing"	2453
"Rings of Zilfin"	3249	"rings-of-zilfin"	2549
"RISK: Disk Edition"	3250	"risk-disk-edition"	2552
"Sorcerer Lord"	3253	"sorcerer-lord"	262
"Spy vs Spy III: Arctic Antics"	3255	"spy-vs-spy-3"	428
"Time Scanner"	3257	"time-scanner"	307
"Titan"	3258	"titan"	278
"Turn It"	3262	"turn-it"	481
"Wizard's Crown"	3267	"wizards-crown"	3183
"Nightdawn"	3285	"nightdawn"	2305
"Riskant"	3295	"riskant"	3368
"Sat.1 Bingo"	3297	"sat-1-bingo"	5183
"Scramble Spirits"	3298	"scramble-spirits"	332
"Mission Genocide"	3311	"mission-genocide"	55
"Neuronics"	3312	"neuronics"	3332
"Wicked"	3361	"wicked"	303
"Willow"	3363	"willow"	3173
"World Championship Boxing Manager"	3373	"world-championship-boxing-manager"	3192
"World Championship Soccer"	3374	"world-championship-soccer"	3193
"World Soccer"	3375	"world-soccer"	475
"World Trophy Soccer"	3376	"world-trophy-soccer"	3200
"Vigilante"	3398	"vigilante"	3668
"Tass Times in Tone Town"	3416	"tass-times-in-tone-town"	19
"Tie-Break"	3438	"tie-break"	529
"Time and Magik"	3443	"time-and-magik"	3462
"Tolteka"	3458	"tolteka"	3014
"Tower Toppler"	3463	"tower-toppler"	86
"Transylvania"	3470	"transylvania"	3662
"Treasure Island"	3472	"treasure-island-windham-classics"	3042
"Trivial Pursuit: A New Beginning"	3475	"trivial-pursuit-a-new-beginning"	3055
"Eddie Edwards Super Ski"	3509	"eddie-edwards-super-ski"	222
"England Championship Special"	3510	"england-championship-special"	1006
"Fun School 3: For Under 5s"	3517	"fun-school-3-for-under-5s"	5167
"Fun School 4: For Under 5s"	3519	"fun-school-4-for-under-5s"	6158
"Gazza II"	3521	"gazza-2"	1097
"Gazza's Super Soccer"	3522	"gazzas-super-soccer"	455
"Ogre"	3526	"ogre"	2330
"Pirates of the Barbary Coast"	3527	"pirates-of-the-barbary-coast"	2407
"Strike Force Harrier"	3532	"strike-force-harrier"	2827
"Superman: The Man of Steel"	3534	"superman-the-man-of-steel"	2869
"Cool World"	3540	"cool-world"	864
"Saint & Greavsie"	3546	"saint-and-greavsie"	366
"Sargon III"	3552	"sargon-3"	2613
"Super Monaco Grand Prix"	3565	"super-monaco-grand-prix"	2852
"Bob Winner"	3586	"bob-winner"	749
"Championship Baseball"	3593	"championship-baseball"	4151
"Cricket Captain"	3597	"cricket-captain-d-h-games"	1522
"GFL Championship Football"	3613	"gfl-championship-football"	1105
"Myth"	3638	"myth"	3980
"Rings of Medusa"	3646	"rings-of-medusa"	534
"Trump Castle"	3655	"trump-castle"	3060
"European Football Champ"	3669	"european-football-champ"	1012
"MicroLeague Wrestling"	3720	"microleague-wrestling"	4027
"Portal"	3773	"portal-activision"	4436
"Starflight"	3781	"starflight"	2790
"Final Assault"	3804	"final-assault"	1726
"Galaxy Force"	3806	"galaxy-force"	1090
"Night Raider"	3815	"night-raider"	949
"Colonial Conquest"	3845	"colonial-conquest"	853
"Crazy Cars 2"	3849	"crazy-cars-2"	253
"Crazy Cars III"	3850	"crazy-cars-3"	879
"Diablo"	3852	"diablo"	75
"Warship"	3888	"warship"	3151
"Brian Clough's Football Fortunes"	3890	"brian-cloughs-football-fortunes"	1373
"Jet, The"	3894	"jet"	2011
"Motorbike Madness"	3898	"motorbike-madness"	2264
"Daily Double Horse Racing"	3910	"daily-double-horse-racing"	1550
"Cisco Heat"	3922	"cisco-heat"	841
"Mindfighter"	3940	"mindfighter"	2233
"Mini Golf"	3941	"mini-golf"	2234
"R.B.I. 2 Baseball"	3948	"rbi-2-baseball"	2508
"Mouse Trap"	4010	"mouse-trap"	126
"Ninja Rabbits"	4013	"ninja-rabbits"	5758
"Star Fleet I: The War Begins!"	4028	"star-fleet-1"	2789
"Windwalker: A Tale from Moebius"	4038	"windwalker-a-tale-from-moebius"	3176
"Maria's Xmas Box"	4059	"marias-xmas-box"	2173
"Pro Tennis Simulator"	4086	"pro-tennis-simulator"	450
"Jabato vs. Imperio: Libertad"	4103	"jabato-vs-imperio"	3906
"Diosa de Cozumel, La"	4105	"diosa-de-cozumel"	3903
"F1 GP Circuits"	4107	"f1-gp-circuits"	6466
"World Rugby"	4108	"world-rugby"	3595
"Gary Lineker's Hot Shot"	4109	"gary-linekers-hot-shot"	3660
"Vegas Gambler"	4115	"vegas-gambler"	3653
"Skyfox II: The Cygnus Conflict"	4119	"skyfox-2-the-cygnus-conflict"	2679
"Hunt for Red October, The"	4142	"hunt-for-red-october-simulation"	4290
"League Challenge"	4156	"league-challenge"	2085
"Bozuma: The Mystery of the Mummy "	4158	"bozuma-the-mystery-of-the-mummy"	5624
"Prince of Persia"	4179	"prince-of-persia"	2457
"Annals of Rome"	4219	"annals-of-rome"	367
"Bismarck"	4228	"bismarck"	722
"Blue Angels"	4230	"blue-angels"	90
"Emlyn Hughes Arcade Quiz"	4267	"emlyn-hughes-arcade-quiz"	1654
"HeroQuest: Return of the Witch Lord"	4287	"heroquest-return-of-the-witch-lord"	3630
"Shoe People, The"	4339	"shoe-people"	2965
"Stack Up"	4343	"stack-up"	2777
"Treble Champions"	4353	"treble-champions"	447
"World Class Rugby"	4362	"world-class-rugby"	3194
"Empire: Wargame of the Century"	4520	"empire-wargame-of-the-century"	1003
"Brimstone: The Dream of Gawain"	4531	"brimstone-the-dream-of-gawain"	4229
"Jaws"	4539	"jaws-screen-7"	304
"Lands of Havoc, The"	4541	"lands-of-havoc"	101
"Not a Penny More, Not a Penny Less"	4546	"not-a-penny-more-not-a-penny-less"	3737
"Sunny Shine"	4595	"sunny-shine-rainbow-arts"	4085
"Eye"	4623	"eye"	1020